"Loại","Mã sản phẩm","Tên sản phẩm","Mã phân loại","Tên phân loại","Kích thước (nhận diện)","Kiểu/màu","SKU","Giá (đ)","Ghi chú"
"A: cùng SKU, cùng kích thước, khác giá","42213874535","Thanh ray trượt DÁN TRẦN bề mặt kim loại, gạch, nhôm kính, treo rèm cửa đầy đủ phụ kiện keo dán, pát đỡ, bi trượt","311397760357","PÁT ĐỠ DÁN TRẦN,1m","1m","PÁT ĐỠ DÁN TRẦN","1920346717258584","296345","SKU 1920346717258584"
"A: cùng SKU, cùng kích thước, khác giá","5466604858","Thanh ray trượt treo rèm cửa đầy đủ phụ kiện pát đỡ, bộ bi trượt","431410475830","PÁT ĐỠ GẮN TRẦN,1m","1m","PÁT ĐỠ GẮN TRẦN","1920346717258584","222147","SKU 1920346717258584"
"A: cùng SKU, cùng kích thước, khác giá","42213874535","Thanh ray trượt DÁN TRẦN bề mặt kim loại, gạch, nhôm kính, treo rèm cửa đầy đủ phụ kiện keo dán, pát đỡ, bi trượt","311397760358","PÁT ĐỠ DÁN TRẦN,1.2m","1.2m","PÁT ĐỠ DÁN TRẦN","1920346717242201","349374","SKU 1920346717242201"
"A: cùng SKU, cùng kích thước, khác giá","5466604858","Thanh ray trượt treo rèm cửa đầy đủ phụ kiện pát đỡ, bộ bi trượt","431410475831","PÁT ĐỠ GẮN TRẦN,1.2m","1.2m","PÁT ĐỠ GẮN TRẦN","1920346717242201","266576","SKU 1920346717242201"
"A: cùng SKU, cùng kích thước, khác giá","42213874535","Thanh ray trượt DÁN TRẦN bề mặt kim loại, gạch, nhôm kính, treo rèm cửa đầy đủ phụ kiện keo dán, pát đỡ, bi trượt","311397760359","PÁT ĐỠ DÁN TRẦN,1.4m","1.4m","PÁT ĐỠ DÁN TRẦN","1920346717291354","405524","SKU 1920346717291354"
"A: cùng SKU, cùng kích thước, khác giá","5466604858","Thanh ray trượt treo rèm cửa đầy đủ phụ kiện pát đỡ, bộ bi trượt","431410475820","PÁT ĐỠ GẮN TƯỜNG,1.4m","1.4m","PÁT ĐỠ GẮN TƯỜNG","1920346717291354","311006","SKU 1920346717291354"
"A: cùng SKU, cùng kích thước, khác giá","42213874535","Thanh ray trượt DÁN TRẦN bề mặt kim loại, gạch, nhôm kính, treo rèm cửa đầy đủ phụ kiện keo dán, pát đỡ, bi trượt","311397760360","PÁT ĐỠ DÁN TRẦN,1.8m","1.8m","PÁT ĐỠ DÁN TRẦN","1920346717291355","511585","SKU 1920346717291355"
"A: cùng SKU, cùng kích thước, khác giá","5466604858","Thanh ray trượt treo rèm cửa đầy đủ phụ kiện pát đỡ, bộ bi trượt","431410475821","PÁT ĐỠ GẮN TƯỜNG,1.8m","1.8m","PÁT ĐỠ GẮN TƯỜNG","1920346717291355","399865","SKU 1920346717291355"
"A: cùng SKU, cùng kích thước, khác giá","6454460979","(Xám bạc tinh khiết) Rèm dán tường cửa phòng ngủ cao cấp, rèm cửa sổ ORE chống nắng gắn tường - Tôn Vinh Không Gian Sống","386401780245","ĐỤC LỖ ORE,Rộng 1m8 Cao 1m5","Rộng 1m8 Cao 1m5","ĐỤC LỖ ORE","1920346056754011","245000","SKU 1920346056754011"
"A: cùng SKU, cùng kích thước, khác giá","4453420857","(Xanh dương dịu mát) Rèm cửa phòng ngủ cao cấp ORE, rèm cửa sổ chống nắng dán tường decor - Cho Tổ Ấm Êm Dịu và Ấm Áp","272896084136","ĐỤC LỖ ORE,Rộng 1m8 Cao 1m5","Rộng 1m8 Cao 1m5","ĐỤC LỖ ORE","1920346056754011","455000","SKU 1920346056754011"
"A2: cùng SKU, khác kích thước, khác giá","28980677265","Rèm dán cửa sổ cao cấp Hai Lớp vải gấm và voan lụa mờ (size vừa đến lớn) – trẻ trung, thanh lịch","386397703437","Dán Xám Trắng + Voan,Rộng 1.6m Cao 1.8m","Rộng 1.6m Cao 1.8m","Dán Xám Trắng + Voan","3759615670403611","748169","SKU 3759615670403611"
"A2: cùng SKU, khác kích thước, khác giá","28980677265","Rèm dán cửa sổ cao cấp Hai Lớp vải gấm và voan lụa mờ (size vừa đến lớn) – trẻ trung, thanh lịch","386397703436","Dán Xám Trắng + Voan,Rộng 2.1m Cao 1.5m","Rộng 2.1m Cao 1.5m","Dán Xám Trắng + Voan","3759615670403611","904983","SKU 3759615670403611"
"A2: cùng SKU, khác kích thước, khác giá","28482500494","Rèm móc RIDO vải gấm dày cản nắng tốt nhiều màu sắc (5 màu)","336384995983","Rido vàng óng ánh,Rộng 2m Cao 1.3m","Rộng 2m Cao 1.3m","Rido vàng óng ánh","3051321902760282","459516","SKU 3051321902760282"
"A2: cùng SKU, khác kích thước, khác giá","28482500494","Rèm móc RIDO vải gấm dày cản nắng tốt nhiều màu sắc (5 màu)","331384995765","Rido vàng óng ánh,Rộng 2m Cao 2.7m","Rộng 2m Cao 2.7m","Rido vàng óng ánh","3051321902760282","751935","SKU 3051321902760282"
"A2: cùng SKU, khác kích thước, khác giá","6454460979","(Xám bạc tinh khiết) Rèm dán tường cửa phòng ngủ cao cấp, rèm cửa sổ ORE chống nắng gắn tường - Tôn Vinh Không Gian Sống","386401780248","ĐỤC LỖ ORE,Rộng 2m5 Cao 1m8","Rộng 2m5 Cao 1m8","ĐỤC LỖ ORE","1920346056803160","676200","SKU 1920346056803160"
"A2: cùng SKU, khác kích thước, khác giá","6454460979","(Xám bạc tinh khiết) Rèm dán tường cửa phòng ngủ cao cấp, rèm cửa sổ ORE chống nắng gắn tường - Tôn Vinh Không Gian Sống","386401780249","ĐỤC LỖ ORE,Rộng 1m Cao 2m","Rộng 1m Cao 2m","ĐỤC LỖ ORE","1920346056803160","292600","SKU 1920346056803160"
"A2: cùng SKU, khác kích thước, khác giá","4453420857","(Xanh dương dịu mát) Rèm cửa phòng ngủ cao cấp ORE, rèm cửa sổ chống nắng dán tường decor - Cho Tổ Ấm Êm Dịu và Ấm Áp","272896084139","ĐỤC LỖ ORE,Rộng 2m5 Cao 1m8","Rộng 2m5 Cao 1m8","ĐỤC LỖ ORE","1920346056803160","676200","SKU 1920346056803160"
"A2: cùng SKU, khác kích thước, khác giá","5466604858","Thanh ray trượt treo rèm cửa đầy đủ phụ kiện pát đỡ, bộ bi trượt","436410475600","PÁT ĐỠ GẮN TRẦN,2.4m","2.4m","PÁT ĐỠ GẮN TRẦN","1920346717258586","533153","SKU 1920346717258586"
"A2: cùng SKU, khác kích thước, khác giá","5466604858","Thanh ray trượt treo rèm cửa đầy đủ phụ kiện pát đỡ, bộ bi trượt","431410475832","PÁT ĐỠ GẮN TRẦN,1.4m","1.4m","PÁT ĐỠ GẮN TRẦN","1920346717258586","311006","SKU 1920346717258586"
"A2: cùng SKU, khác kích thước, khác giá","5449957048","Rèm cửa sổ chống nắng cao cấp, rèm cửa phòng ngủ giá xưởng Loại 1","361378643822","Nâu đất ấm cúng,Rộng 2.1m Cao 1.8m","Rộng 2.1m Cao 1.8m","Nâu đất ấm cúng","3754185767780379","568557","SKU 3754185767780379"
"A2: cùng SKU, khác kích thước, khác giá","5449957048","Rèm cửa sổ chống nắng cao cấp, rèm cửa phòng ngủ giá xưởng Loại 1","361378643823","Nâu đất ấm cúng,Rộng 2.8m Cao 1.8m","Rộng 2.8m Cao 1.8m","Nâu đất ấm cúng","3754185767780379","664283","SKU 3754185767780379"
"A2: cùng SKU, khác kích thước, khác giá","3366890841","Rèm cửa sổ Dán Tường Loại 1 giá xưởng, rèm phòng ngủ chống nắng cao cấp","356411690437","Dán Xám Đen Huyền Bí,Rộng 2m1 Cao 1m5","Rộng 2m1 Cao 1m5","Dán Xám Đen Huyền Bí","3764009153773851","889108","SKU 3764009153773851"
"A2: cùng SKU, khác kích thước, khác giá","3366890841","Rèm cửa sổ Dán Tường Loại 1 giá xưởng, rèm phòng ngủ chống nắng cao cấp","356411690438","Dán Xám Đen Huyền Bí,Rộng 1m4 Cao 1m8","Rộng 1m4 Cao 1m8","Dán Xám Đen Huyền Bí","3764009153773851","703017","SKU 3764009153773851"
"B: cùng mã SP, cùng kích thước, chỉ khác màu, khác giá","28981676650","Rèm ORE 2 Lớp cao cấp chống nắng tốt, rèm cửa sổ (Size Nhỏ Và Vừa)","195943773043","ORE 2 Lớp Xám Đậm,Rộng 2.5m Cao 1.8m","Rộng 2.5m Cao 1.8m","ORE 2 Lớp Xám Đậm","3042872778933144","899996",""
"B: cùng mã SP, cùng kích thước, chỉ khác màu, khác giá","28981676650","Rèm ORE 2 Lớp cao cấp chống nắng tốt, rèm cửa sổ (Size Nhỏ Và Vừa)","195943773064","ORE 2 Lớp Hồng Phấn,Rộng 2.5m Cao 1.8m","Rộng 2.5m Cao 1.8m","ORE 2 Lớp Hồng Phấn","3042872778883994","899996",""
"B: cùng mã SP, cùng kích thước, chỉ khác màu, khác giá","28981676650","Rèm ORE 2 Lớp cao cấp chống nắng tốt, rèm cửa sổ (Size Nhỏ Và Vừa)","195943773087","ORE 2 Lớp Nâu Đất,Rộng 2.5m Cao 1.8m","Rộng 2.5m Cao 1.8m","ORE 2 Lớp Nâu Đất","3042872779047835","932308",""
"B: cùng mã SP, cùng kích thước, chỉ khác màu, khác giá","28981676650","Rèm ORE 2 Lớp cao cấp chống nắng tốt, rèm cửa sổ (Size Nhỏ Và Vừa)","195943773042","ORE 2 Lớp Xám Đậm,Rộng 2m Cao 2.7m","Rộng 2m Cao 2.7m","ORE 2 Lớp Xám Đậm","3042872778802074","893538",""
"B: cùng mã SP, cùng kích thước, chỉ khác màu, khác giá","28981676650","Rèm ORE 2 Lớp cao cấp chống nắng tốt, rèm cửa sổ (Size Nhỏ Và Vừa)","195943773063","ORE 2 Lớp Hồng Phấn,Rộng 2m Cao 2.7m","Rộng 2m Cao 2.7m","ORE 2 Lớp Hồng Phấn","3042872779113369","867691",""
"B: cùng mã SP, cùng kích thước, chỉ khác màu, khác giá","28981676650","Rèm ORE 2 Lớp cao cấp chống nắng tốt, rèm cửa sổ (Size Nhỏ Và Vừa)","195943773086","ORE 2 Lớp Nâu Đất,Rộng 2m Cao 2.7m","Rộng 2m Cao 2.7m","ORE 2 Lớp Nâu Đất","3042872778818457","893538",""
"B: cùng mã SP, cùng kích thước, chỉ khác màu, khác giá","28981676650","Rèm ORE 2 Lớp cao cấp chống nắng tốt, rèm cửa sổ (Size Nhỏ Và Vừa)","195943773095","ORE 2 Lớp Nâu Đất,Rộng 2.5m Cao 2.2m","Rộng 2.5m Cao 2.2m","ORE 2 Lớp Nâu Đất","3042872778834843","804180",""
"B: cùng mã SP, cùng kích thước, chỉ khác màu, khác giá","28981676650","Rèm ORE 2 Lớp cao cấp chống nắng tốt, rèm cửa sổ (Size Nhỏ Và Vừa)","195943773074","ORE 2 Lớp Hồng Phấn,Rộng 2.5m Cao 2.2m","Rộng 2.5m Cao 2.2m","ORE 2 Lớp Hồng Phấn","3042872779064219","995076",""
"B: cùng mã SP, cùng kích thước, chỉ khác màu, khác giá","28981676650","Rèm ORE 2 Lớp cao cấp chống nắng tốt, rèm cửa sổ (Size Nhỏ Và Vừa)","195943773051","ORE 2 Lớp Xám Đậm,Rộng 2.5m Cao 2.2m","Rộng 2.5m Cao 2.2m","ORE 2 Lớp Xám Đậm","3042872778867609","995076",""
"B: cùng mã SP, cùng kích thước, chỉ khác màu, khác giá","28981676650","Rèm ORE 2 Lớp cao cấp chống nắng tốt, rèm cửa sổ (Size Nhỏ Và Vừa)","195943773060","ORE 2 Lớp Hồng Phấn,Rộng 1.8m Cao 1.8m","Rộng 1.8m Cao 1.8m","ORE 2 Lớp Hồng Phấn","3042872778851224","647996",""
"B: cùng mã SP, cùng kích thước, chỉ khác màu, khác giá","28981676650","Rèm ORE 2 Lớp cao cấp chống nắng tốt, rèm cửa sổ (Size Nhỏ Và Vừa)","195943773039","ORE 2 Lớp Xám Đậm,Rộng 1.8m Cao 1.8m","Rộng 1.8m Cao 1.8m","ORE 2 Lớp Xám Đậm","3042872778802073","647996",""
"B: cùng mã SP, cùng kích thước, chỉ khác màu, khác giá","28981676650","Rèm ORE 2 Lớp cao cấp chống nắng tốt, rèm cửa sổ (Size Nhỏ Và Vừa)","195943773083","ORE 2 Lớp Nâu Đất,Rộng 1.8m Cao 1.8m","Rộng 1.8m Cao 1.8m","ORE 2 Lớp Nâu Đất","3042872779031448","899996",""
"B: cùng mã SP, cùng kích thước, chỉ khác màu, khác giá","28980677265","Rèm dán cửa sổ cao cấp Hai Lớp vải gấm và voan lụa mờ (size vừa đến lớn) – trẻ trung, thanh lịch","386397703451","Dán Xám Ghi + Voan,Rộng 1m Cao 2m","Rộng 1m Cao 2m","Dán Xám Ghi + Voan","3759615670321691","577634",""
"B: cùng mã SP, cùng kích thước, chỉ khác màu, khác giá","28980677265","Rèm dán cửa sổ cao cấp Hai Lớp vải gấm và voan lụa mờ (size vừa đến lớn) – trẻ trung, thanh lịch","386397703439","Dán Xám Trắng + Voan,Rộng 1m Cao 2m","Rộng 1m Cao 2m","Dán Xám Trắng + Voan","3759615670321689","577634",""
"B: cùng mã SP, cùng kích thước, chỉ khác màu, khác giá","28980677265","Rèm dán cửa sổ cao cấp Hai Lớp vải gấm và voan lụa mờ (size vừa đến lớn) – trẻ trung, thanh lịch","386397703475","Dán Vàng Tươi + Voan,Rộng 1m Cao 2m","Rộng 1m Cao 2m","Dán Vàng Tươi + Voan","3759615670452763","577634",""
"B: cùng mã SP, cùng kích thước, chỉ khác màu, khác giá","28980677265","Rèm dán cửa sổ cao cấp Hai Lớp vải gấm và voan lụa mờ (size vừa đến lớn) – trẻ trung, thanh lịch","386397703463","Dán Xanh Biển + Voan,Rộng 1m Cao 2m","Rộng 1m Cao 2m","Dán Xanh Biển + Voan","3759615670338074","577634",""
"B: cùng mã SP, cùng kích thước, chỉ khác màu, khác giá","28980677265","Rèm dán cửa sổ cao cấp Hai Lớp vải gấm và voan lụa mờ (size vừa đến lớn) – trẻ trung, thanh lịch","237565177395","Dán Nâu Đất + Voan,Rộng 1m Cao 2m","Rộng 1m Cao 2m","Dán Nâu Đất + Voan","3030339139961178","577634",""
"B: cùng mã SP, cùng kích thước, chỉ khác màu, khác giá","28980677265","Rèm dán cửa sổ cao cấp Hai Lớp vải gấm và voan lụa mờ (size vừa đến lớn) – trẻ trung, thanh lịch","237565177413","Dán Hồng Phấn + Voan,Rộng 1m Cao 2m","Rộng 1m Cao 2m","Dán Hồng Phấn + Voan","3030339140157786","577634",""
"B: cùng mã SP, cùng kích thước, chỉ khác màu, khác giá","28980677265","Rèm dán cửa sổ cao cấp Hai Lớp vải gấm và voan lụa mờ (size vừa đến lớn) – trẻ trung, thanh lịch","147751975345","Dán Xám Đậm + Voan,Rộng 1m Cao 2m","Rộng 1m Cao 2m","Dán Xám Đậm + Voan","3030339140075864","973783",""
"B: cùng mã SP, cùng kích thước, chỉ khác màu, khác giá","28980677265","Rèm dán cửa sổ cao cấp Hai Lớp vải gấm và voan lụa mờ (size vừa đến lớn) – trẻ trung, thanh lịch","386397703465","Dán Xanh Biển + Voan,Rông 1.6m Cao 2.2m","Rông 1.6m Cao 2.2m","Dán Xanh Biển + Voan","3759615670354457","973783",""
"B: cùng mã SP, cùng kích thước, chỉ khác màu, khác giá","28980677265","Rèm dán cửa sổ cao cấp Hai Lớp vải gấm và voan lụa mờ (size vừa đến lớn) – trẻ trung, thanh lịch","237565177417","Dán Hồng Phấn + Voan,Rông 1.6m Cao 2.2m","Rông 1.6m Cao 2.2m","Dán Hồng Phấn + Voan","3030339140190554","973783",""
"B: cùng mã SP, cùng kích thước, chỉ khác màu, khác giá","28980677265","Rèm dán cửa sổ cao cấp Hai Lớp vải gấm và voan lụa mờ (size vừa đến lớn) – trẻ trung, thanh lịch","237565177399","Dán Nâu Đất + Voan,Rông 1.6m Cao 2.2m","Rông 1.6m Cao 2.2m","Dán Nâu Đất + Voan","3030339140174171","973783",""
"B: cùng mã SP, cùng kích thước, chỉ khác màu, khác giá","28980677265","Rèm dán cửa sổ cao cấp Hai Lớp vải gấm và voan lụa mờ (size vừa đến lớn) – trẻ trung, thanh lịch","386397703441","Dán Xám Trắng + Voan,Rông 1.6m Cao 2.2m","Rông 1.6m Cao 2.2m","Dán Xám Trắng + Voan","3759615670469145","973783",""
"B: cùng mã SP, cùng kích thước, chỉ khác màu, khác giá","28980677265","Rèm dán cửa sổ cao cấp Hai Lớp vải gấm và voan lụa mờ (size vừa đến lớn) – trẻ trung, thanh lịch","147751975349","Dán Xám Đậm + Voan,Rông 1.6m Cao 2.2m","Rông 1.6m Cao 2.2m","Dán Xám Đậm + Voan","3030339140141403","1555938",""
"B: cùng mã SP, cùng kích thước, chỉ khác màu, khác giá","28980677265","Rèm dán cửa sổ cao cấp Hai Lớp vải gấm và voan lụa mờ (size vừa đến lớn) – trẻ trung, thanh lịch","386397703453","Dán Xám Ghi + Voan,Rông 1.6m Cao 2.2m","Rông 1.6m Cao 2.2m","Dán Xám Ghi + Voan","3759615670501912","973783",""
"B: cùng mã SP, cùng kích thước, chỉ khác màu, khác giá","28980677265","Rèm dán cửa sổ cao cấp Hai Lớp vải gấm và voan lụa mờ (size vừa đến lớn) – trẻ trung, thanh lịch","386397703477","Dán Vàng Tươi + Voan,Rông 1.6m Cao 2.2m","Rông 1.6m Cao 2.2m","Dán Vàng Tươi + Voan","3759615670452760","973783",""
"B: cùng mã SP, cùng kích thước, chỉ khác màu, khác giá","27531817769","Rèm Khoen ORE Cửa Sổ Cao Cấp 2 Lớp Gấm Chống Nắng Và Voan Lụa (Size Nhỏ Và Vừa) – Xu Hướng, Tiện Nghi","356233211247","ORE 2 Lớp Xanh Dương,Rộng 2m Cao 2.7m","Rộng 2m Cao 2.7m","ORE 2 Lớp Xanh Dương","3044288369017114","893538",""
"B: cùng mã SP, cùng kích thước, chỉ khác màu, khác giá","27531817769","Rèm Khoen ORE Cửa Sổ Cao Cấp 2 Lớp Gấm Chống Nắng Và Voan Lụa (Size Nhỏ Và Vừa) – Xu Hướng, Tiện Nghi","356233211243","ORE 2 Lớp Vàng Kem,Rộng 2m Cao 2.7m","Rộng 2m Cao 2.7m","ORE 2 Lớp Vàng Kem","3044288368935194","867691",""
"B: cùng mã SP, cùng kích thước, chỉ khác màu, khác giá","27531817769","Rèm Khoen ORE Cửa Sổ Cao Cấp 2 Lớp Gấm Chống Nắng Và Voan Lụa (Size Nhỏ Và Vừa) – Xu Hướng, Tiện Nghi","356233211245","ORE 2 Lớp Xám Bạc,Rộng 2m Cao 2.7m","Rộng 2m Cao 2.7m","ORE 2 Lớp Xám Bạc","3044288368951579","893538",""
"B: cùng mã SP, cùng kích thước, chỉ khác màu, khác giá","27531817769","Rèm Khoen ORE Cửa Sổ Cao Cấp 2 Lớp Gấm Chống Nắng Và Voan Lụa (Size Nhỏ Và Vừa) – Xu Hướng, Tiện Nghi","356233211241","ORE 2 Lớp Xám Ghi,Rộng 2m Cao 2.7m","Rộng 2m Cao 2.7m","ORE 2 Lớp Xám Ghi","3044288369230104","893538",""
"B: cùng mã SP, cùng kích thước, chỉ khác màu, khác giá","27531817769","Rèm Khoen ORE Cửa Sổ Cao Cấp 2 Lớp Gấm Chống Nắng Và Voan Lụa (Size Nhỏ Và Vừa) – Xu Hướng, Tiện Nghi","248063942860","ORE 2 Lớp Xám Ghi,Rộng 2.5m Cao 2.2m","Rộng 2.5m Cao 2.2m","ORE 2 Lớp Xám Ghi","3044288369082650","995076",""
"B: cùng mã SP, cùng kích thước, chỉ khác màu, khác giá","27531817769","Rèm Khoen ORE Cửa Sổ Cao Cấp 2 Lớp Gấm Chống Nắng Và Voan Lụa (Size Nhỏ Và Vừa) – Xu Hướng, Tiện Nghi","243063932569","ORE 2 Lớp Xanh Dương,Rộng 2.5m Cao 2.2m","Rộng 2.5m Cao 2.2m","ORE 2 Lớp Xanh Dương","3044288369180954","995076",""
"B: cùng mã SP, cùng kích thước, chỉ khác màu, khác giá","27531817769","Rèm Khoen ORE Cửa Sổ Cao Cấp 2 Lớp Gấm Chống Nắng Và Voan Lụa (Size Nhỏ Và Vừa) – Xu Hướng, Tiện Nghi","248063942881","ORE 2 Lớp Vàng Kem,Rộng 2.5m Cao 2.2m","Rộng 2.5m Cao 2.2m","ORE 2 Lớp Vàng Kem","3044288369246490","995076",""
"B: cùng mã SP, cùng kích thước, chỉ khác màu, khác giá","27531817769","Rèm Khoen ORE Cửa Sổ Cao Cấp 2 Lớp Gấm Chống Nắng Và Voan Lụa (Size Nhỏ Và Vừa) – Xu Hướng, Tiện Nghi","243063932548","ORE 2 Lớp Xám Bạc,Rộng 2.5m Cao 2.2m","Rộng 2.5m Cao 2.2m","ORE 2 Lớp Xám Bạc","3044288369148185","804180",""
"B: cùng mã SP, cùng kích thước, chỉ khác màu, khác giá","26431672481","Rèm khoen ORE Hai Lớp cửa sổ chống nắng cao cấp vải gấm kèm voan trắng (size vừa đến lớn) - tối giản, hiện đại","321414342183","ORE Xám Bạc + Voan,Rộng 2m Cao 2m","Rộng 2m Cao 2m","ORE Xám Bạc + Voan","3764837863948824","679384",""
"B: cùng mã SP, cùng kích thước, chỉ khác màu, khác giá","26431672481","Rèm khoen ORE Hai Lớp cửa sổ chống nắng cao cấp vải gấm kèm voan trắng (size vừa đến lớn) - tối giản, hiện đại","321414342195","ORE Xám Ghi + Voan,Rộng 2m Cao 2m","Rộng 2m Cao 2m","ORE Xám Ghi + Voan","3764837863834137","679384",""
"B: cùng mã SP, cùng kích thước, chỉ khác màu, khác giá","26431672481","Rèm khoen ORE Hai Lớp cửa sổ chống nắng cao cấp vải gấm kèm voan trắng (size vừa đến lớn) - tối giản, hiện đại","321414342208","ORE Vàng Kem + Voan,Rộng 2m Cao 2m","Rộng 2m Cao 2m","ORE Vàng Kem + Voan","3764837863997979","679384",""
"B: cùng mã SP, cùng kích thước, chỉ khác màu, khác giá","26431672481","Rèm khoen ORE Hai Lớp cửa sổ chống nắng cao cấp vải gấm kèm voan trắng (size vừa đến lớn) - tối giản, hiện đại","321414342223","ORE Xanh Biển + Voan,Rộng 2m Cao 2m","Rộng 2m Cao 2m","ORE Xanh Biển + Voan","3764837863883290","792000",""
"B: cùng mã SP, cùng kích thước, chỉ khác màu, khác giá","26431672481","Rèm khoen ORE Hai Lớp cửa sổ chống nắng cao cấp vải gấm kèm voan trắng (size vừa đến lớn) - tối giản, hiện đại","243053635252","ORE Xám Đậm + Voan,Rộng 2m Cao 2m","Rộng 2m Cao 2m","ORE Xám Đậm + Voan","3042857947185496","792000",""
"B: cùng mã SP, cùng kích thước, chỉ khác màu, khác giá","26431672481","Rèm khoen ORE Hai Lớp cửa sổ chống nắng cao cấp vải gấm kèm voan trắng (size vừa đến lớn) - tối giản, hiện đại","243053635263","ORE Nâu Đất + Voan,Rộng 2m Cao 2m","Rộng 2m Cao 2m","ORE Nâu Đất + Voan","3042857947119962","792000",""
"B: cùng mã SP, cùng kích thước, chỉ khác màu, khác giá","26431672481","Rèm khoen ORE Hai Lớp cửa sổ chống nắng cao cấp vải gấm kèm voan trắng (size vừa đến lớn) - tối giản, hiện đại","243053635274","ORE Hồng Phấn + Voan,Rộng 2m Cao 2m","Rộng 2m Cao 2m","ORE Hồng Phấn + Voan","3042857947054427","792000",""
"B: cùng mã SP, cùng kích thước, chỉ khác màu, khác giá","5449957048","Rèm cửa sổ chống nắng cao cấp, rèm cửa phòng ngủ giá xưởng Loại 1","282882807263","Xám ghi sang trọng,Rộng 1m Cao 1.3m","Rộng 1m Cao 1.3m","Xám ghi sang trọng","1920346057343834","151049",""
"B: cùng mã SP, cùng kích thước, chỉ khác màu, khác giá","5449957048","Rèm cửa sổ chống nắng cao cấp, rèm cửa phòng ngủ giá xưởng Loại 1","361378643781","Xám đen tinh tế,Rộng 1m Cao 1.3m","Rộng 1m Cao 1.3m","Xám đen tinh tế","3754185767682075","151049",""
"B: cùng mã SP, cùng kích thước, chỉ khác màu, khác giá","5449957048","Rèm cửa sổ chống nắng cao cấp, rèm cửa phòng ngủ giá xưởng Loại 1","282882807275","Xanh dương dịu mát,Rộng 1m Cao 1.3m","Rộng 1m Cao 1.3m","Xanh dương dịu mát","1920346057392986","151049",""
"B: cùng mã SP, cùng kích thước, chỉ khác màu, khác giá","5449957048","Rèm cửa sổ chống nắng cao cấp, rèm cửa phòng ngủ giá xưởng Loại 1","361378643817","Nâu đất ấm cúng,Rộng 1m Cao 1.3m","Rộng 1m Cao 1.3m","Nâu đất ấm cúng","3754185767829530","151049",""
"B: cùng mã SP, cùng kích thước, chỉ khác màu, khác giá","5449957048","Rèm cửa sổ chống nắng cao cấp, rèm cửa phòng ngủ giá xưởng Loại 1","282882807251","Xám bạc tinh khiết,Rộng 1m Cao 1.3m","Rộng 1m Cao 1.3m","Xám bạc tinh khiết","1920346057294682","151049",""
"B: cùng mã SP, cùng kích thước, chỉ khác màu, khác giá","5449957048","Rèm cửa sổ chống nắng cao cấp, rèm cửa phòng ngủ giá xưởng Loại 1","361378643793","Hồng phấn ngọt ngào,Rộng 1m Cao 1.3m","Rộng 1m Cao 1.3m","Hồng phấn ngọt ngào","3754185767813144","156643",""
"B: cùng mã SP, cùng kích thước, chỉ khác màu, khác giá","5449957048","Rèm cửa sổ chống nắng cao cấp, rèm cửa phòng ngủ giá xưởng Loại 1","361378643769","Vàng kem nhã nhặn,Rộng 1m Cao 1.3m","Rộng 1m Cao 1.3m","Vàng kem nhã nhặn","1920346057245530","151049",""